class;alpha;delta;u;g;r;i;z;run_ID;cam_col;field_ID;redshift;plate;MJD;fiber_ID
GALAXY;135.6891066;32.49463184;23.87882;22.2753;20.39501;19.16573;18.79371;3606;2;79;0.6347936;5812;56354;171
GALAXY;144.8261006;31.27418489;24.77759;22.83188;22.58444;21.16812;21.61427;4518;5;119;0.779136;10445;58158;427
GALAXY;142.1887896;35.58244418;25.26307;22.66389;20.60976;19.34857;18.94827;3606;2;120;0.6441945;4576;55592;299
GALAXY;338.7410378;-0.402827575;22.13682;23.77656;21.61162;20.50454;19.2501;4192;3;214;0.9323456;9149;58039;775
GALAXY;345.2825932;21.1838656;19.43718;17.58028;16.49747;15.97711;15.54461;8102;3;137;0.1161227;6121;56187;842
QSO;340.9951205;20.58947628;23.48827;23.33776;21.32195;20.25615;19.54544;8102;3;110;1.424659;5026;55855;741
QSO;23.23492643;11.41818762;21.46973;21.17624;20.92829;20.60826;20.42573;7773;2;462;0.5864546;11069;58456;113
GALAXY;5.433176037;12.06518599;22.24979;22.02172;20.34126;19.48794;18.84999;7773;2;346;0.477009;6183;56210;15
GALAXY;200.2904754;47.19940232;24.40286;22.35669;20.61032;19.4649;18.95852;3716;5;108;0.660012;6625;56386;719
STAR;39.1496906;28.10284161;21.74669;20.03493;19.17553;18.81823;18.65422;5934;4;122;-7.90E-06;2444;54082;232
GALAXY;328.0920762;18.22031048;25.77163;22.52042;20.63884;19.78071;19.05765;8102;3;27;0.4595958;5020;55852;525
GALAXY;243.9866375;25.73828043;23.76761;23.79969;20.98318;19.80745;19.45579;3927;4;112;0.5914091;4727;55693;855
STAR;345.8018744;32.67286785;23.17274;20.14496;19.41948;19.22034;18.89359;8157;2;38;7.18E-05;6504;56540;574
GALAXY;331.50203;10.03580205;20.8294;18.75091;17.51118;17.01631;16.62772;7773;2;123;0.1521936;5065;55739;200
GALAXY;344.9847703;-0.352615781;23.20911;22.79291;22.08589;21.86282;21.8512;4192;3;255;0.8181597;9215;57682;796
GALAXY;244.8245231;25.15456399;24.8868;22.13311;20.44728;19.49171;18.9747;3927;4;118;0.4849288;4727;55693;23
STAR;353.2015224;3.080795936;24.5489;21.44267;20.95315;20.7936;20.48442;7712;5;284;-0.000428576;4283;55864;178
QSO;1.494388639;3.29174633;20.38562;20.40514;20.29996;20.05918;19.89044;7712;5;339;2.031528;8743;57663;295
STAR;14.38313522;3.214326196;21.82154;20.5573;19.94918;19.76057;19.55514;7712;5;425;-0.000440276;8753;57373;258
GALAXY;167.1316688;67.33993563;20.48292;18.67807;17.6168;17.11936;16.73351;1412;5;124;0.1115879;490;51929;613
GALAXY;171.9754246;67.74745014;22.13367;20.84772;18.96537;18.31696;17.98124;1412;5;136;0.3747563;491;51942;572
STAR;144.7852927;46.82649568;24.54793;22.33601;20.92259;19.87177;19.16934;2821;2;28;-0.000120359;7316;56710;756
GALAXY;145.2730374;46.96013381;25.44243;20.77028;19.6617;19.08481;18.83176;2821;2;30;0.6623096;834;52316;115
QSO;145.8830055;47.30048358;21.73992;21.53095;21.26763;21.36257;21.15861;2821;2;33;2.07568;7308;56709;596
GALAXY;241.4262672;27.22469494;18.88323;17.54229;17.01789;16.75376;16.72259;3927;4;94;0.03208113;1393;52824;368
GALAXY;132.922468;4.521864697;21.2611;20.50495;18.36379;23.17828;17.96264;3015;3;126;0.2509563;1190;52670;190
GALAXY;143.2880176;5.552052211;25.98497;21.31456;19.61107;18.83178;18.27728;3015;3;195;0.4612782;4871;55928;170
GALAXY;140.6000381;5.265757704;25.46577;22.4065;21.43408;20.26256;19.98775;3015;3;177;0.6110625;4870;55923;203
GALAXY;333.3115106;-0.376122967;20.53324;18.84066;18.05369;17.60397;17.2903;4192;3;177;0.09108476;1034;52813;184
GALAXY;337.0934355;-0.31177327;20.15491;18.37295;17.31276;16.82294;16.44342;4192;3;203;0.1482283;376;52143;231
GALAXY;252.7585486;19.49352687;24.36048;20.3777;18.53392;17.84004;17.44505;3927;4;180;0.3846326;1568;53169;199
GALAXY;240.2139089;27.96429085;23.08039;22.02426;20.80525;19.90149;19.37544;3927;4;85;0.546072;4725;55711;141
GALAXY;255.5748935;45.47870292;23.73066;22.82349;21.32414;19.81448;19.28439;5416;5;12;0.7491816;6025;56098;313
QSO;20.05255573;11.49788077;21.89214;21.35124;21.18755;20.843;20.7658;7773;2;441;1.528308;11074;58488;306
GALAXY;144.721737;5.846847285;22.88916;21.63309;20.06106;19.13263;18.9481;6574;4;198;0.5091722;4872;55944;375
GALAXY;44.92336027;3.175548751;23.8628;22.7784;20.98458;19.70143;19.24533;7675;6;168;0.5981273;4257;55480;987
GALAXY;136.2630712;3.944003082;24.06677;23.00891;21.0967;20.12869;19.68312;2126;5;114;0.5215806;3817;55277;833
GALAXY;140.5129827;45.40361267;20.71552;18.85877;17.72017;17.24668;16.87722;2777;3;225;0.1769632;833;52314;229
STAR;136.4183782;36.15267852;20.66654;22.21825;24.8026;21.43702;22.82647;3530;4;138;0.000308486;10241;58157;799
GALAXY;121.6100097;41.92872069;22.42006;21.26692;19.40369;18.74999;18.26678;6573;3;245;0.349364;3803;55513;703
STAR;181.6453305;42.27399522;21.20149;19.77107;19.27176;19.04226;18.9441;3893;3;158;4.83E-05;8382;57513;919
GALAXY;146.9257842;14.88003749;25.52618;22.45513;21.82048;20.83807;20.28395;5972;6;211;0.8072085;9587;57784;357
GALAXY;179.698615;33.67319762;23.27982;20.35433;18.79782;18.13757;17.74069;4576;1;419;0.2701222;4601;55589;862
GALAXY;332.0871561;17.41592025;27.0971;22.56329;20.61106;19.698;19.07937;8096;4;51;0.5719764;5029;55750;452
GALAXY;188.0680012;7.561201476;22.26849;21.88272;19.86473;18.81373;18.06582;3841;4;155;0.5932347;5402;55927;183
STAR;344.7698884;26.92854864;22.33744;20.02736;19.2826;19.04074;18.90521;6366;4;69;-9.96E-05;7706;57575;344
GALAXY;40.79574267;3.564368114;22.79262;22.29579;22.23841;21.55672;21.01273;7718;2;261;1.065883;9417;58055;748
QSO;228.4477283;12.74503193;22.36261;21.7106;21.5963;21.60179;21.12727;5322;3;125;2.689002;5488;56013;320
QSO;345.221147;2.593461754;21.90143;21.79169;21.44344;21.25545;21.07686;7712;4;231;1.289637;11303;58428;340
GALAXY;129.6280955;29.05905655;24.91692;21.27143;19.59078;18.90489;18.49419;3606;2;37;0.3208058;1268;52933;113
GALAXY;129.1990205;28.70175406;23.01294;20.46514;18.83662;18.16925;17.73204;3606;2;34;0.3466544;1268;52933;144
QSO;168.7266013;27.6809253;21.65936;21.73216;21.61713;21.60229;21.24192;5112;6;385;1.007728;11357;58522;220
GALAXY;341.3918991;-0.3176731;22.92673;23.03158;22.75313;21.40591;20.70943;4192;3;231;0.8201154;9207;57667;206
GALAXY;355.1751317;11.84861064;22.7706;22.25927;20.1723;19.13553;18.60195;7773;2;279;0.5075994;6158;56239;797
GALAXY;5.016618104;11.95733598;22.29616;20.17357;18.60767;17.99611;17.59206;7773;2;343;0.2520262;6189;56237;668
GALAXY;117.8254525;28.94828104;21.78552;21.67436;21.9174;20.55012;19.68962;2777;3;63;0;10287;58101;533
GALAXY;7.295167962;15.2714948;22.72659;22.31748;20.5118;19.45051;18.86085;1904;4;198;0.5326954;6191;56248;711
GALAXY;242.0735629;30.73984433;20.75533;18.52615;17.34166;16.82644;16.42062;3926;4;109;0.1566293;1406;52876;328
GALAXY;238.4858024;33.12477863;25.519;22.20538;20.10958;19.10345;18.64843;3926;4;83;0.5283154;4966;55712;767
GALAXY;246.4388755;27.73664265;24.82672;21.61567;19.70549;18.88857;18.48836;3926;4;141;0.4425065;5005;55751;464
GALAXY;230.2132666;33.3020821;22.83827;19.99337;18.49053;17.86074;17.50969;3927;4;17;0.272813;4719;55736;630
GALAXY;252.6546525;19.73278903;25.19646;21.77507;20.79209;19.86567;19.89753;3927;4;179;0.5948668;4179;55684;223
GALAXY;240.664803;27.58654467;19.1855;18.02785;17.46046;17.14015;16.97431;3927;4;89;0.08925132;1392;52822;504
GALAXY;192.3450646;37.43512023;22.14838;20.87264;19.02323;18.41182;18.33893;4470;4;55;0.3488444;1989;53772;255
GALAXY;241.4373201;27.18005059;25.1444;22.24196;20.59213;19.56918;19.08057;3927;4;94;0.5246236;4724;55742;775
GALAXY;254.3532997;18.29647358;20.64171;18.761;17.38466;16.83926;16.41518;3927;4;193;0.1709112;1567;53172;167
GALAXY;229.6086882;33.50265484;19.6081;18.12493;17.494;17.12954;16.9521;3927;4;14;0.08400773;1386;53116;510
GALAXY;252.4109335;19.75733601;22.08841;19.65585;18.15532;17.59347;17.20853;3927;4;177;0.2538029;4179;55684;266
GALAXY;236.8022966;29.80142598;25.9803;21.89943;20.07695;19.12181;18.63752;3927;4;62;0.4925865;4726;55712;687
GALAXY;338.6601797;20.30826281;22.74328;22.04119;21.13037;19.93169;19.81143;8102;3;95;0.6866302;6119;56181;425
GALAXY;332.7613218;19.25864004;22.11101;19.30047;17.9669;17.3835;16.94589;8102;3;57;0.2032944;5021;55863;28
QSO;178.5046159;54.3791571;21.77434;21.65529;21.77547;21.72382;21.66425;2821;2;177;1.93908;8228;57423;667
QSO;144.742439;46.96719089;20.87676;20.61914;20.55744;20.54716;20.15146;2821;2;28;1.040196;7316;56710;745
GALAXY;124.2315837;3.643403828;18.75124;17.35669;16.6507;16.25624;16.03383;3015;3;67;0.08687948;1184;52641;177
QSO;11.0594434;11.93530448;20.53318;20.37871;20.16658;20.12587;20.13796;7773;2;382;0.910454;11042;58462;324
STAR;12.22289416;11.86715114;22.864;20.99637;20.77479;20.60149;20.42078;7773;2;390;-0.000596928;6205;56187;882
GALAXY;338.518632;-0.370661907;24.3689;24.89395;23.60455;22.12098;22.23246;4192;3;212;0.7347449;9217;57934;519
GALAXY;357.1515193;-8.043402272;23.96082;20.7098;19.48951;18.539;17.99627;8100;2;301;0.512866;7146;56573;483
STAR;64.87562501;28.13092251;23.78648;22.61023;19.79689;18.18796;17.0124;3557;4;47;0.000103379;1638;52999;440
GALAXY;121.1812474;32.19427429;24.59952;21.29358;19.79466;18.96994;18.36362;2777;3;92;0.3249989;3756;55505;267
QSO;343.4616775;24.3003694;22.70525;22.38366;22.10573;22.19179;21.8687;4836;6;265;1.3983;7657;57309;10
GALAXY;136.5016923;0.981632054;25.72517;22.3239;20.83764;19.82272;19.33796;6574;4;134;0.564565;3819;55540;368
STAR;184.914328;42.41347853;25.10932;23.02978;21.6433;20.57167;19.76941;3893;3;175;0.000417114;8383;57518;912
QSO;187.9734249;42.28881555;23.33354;22.08951;21.85797;22.16238;22.55171;3893;3;190;2.188856;8384;57513;886
GALAXY;131.9277691;11.69047929;23.13947;21.44235;20.37401;19.22886;18.55112;5972;6;111;0.6977692;5287;55952;915
QSO;206.4610082;7.427089641;20.16308;19.48441;19.33299;19.2896;19.08112;3841;5;276;2.369899;4865;55713;821
GALAXY;197.5291513;33.15670811;21.25551;21.1894;20.11088;19.40883;19.03537;4576;1;518;0.521283;6488;56364;997
QSO;132.8301979;44.72715755;20.49408;20.2065;20.22691;20.19625;19.82982;2825;5;187;2.156938;8281;57042;754
GALAXY;153.4476487;56.05904188;22.21266;20.47113;18.82083;18.18008;17.76504;2243;4;223;0.3701703;7086;56658;410
STAR;271.620557;24.81033417;22.25522;20.6308;19.96252;19.69811;19.4611;4828;6;149;-0.000608137;2195;54234;442
GALAXY;160.0565729;23.00492179;20.64593;19.19186;18.71879;18.54982;18.57035;5137;4;310;0.02476665;3250;54883;142
STAR;125.5937528;13.47743121;24.80904;24.19171;22.57484;19.67837;17.97654;5137;4;83;0.000236507;4503;55563;496
GALAXY;191.9743154;7.448371765;26.30048;22.7609;20.80001;19.7631;19.23547;3841;4;181;0.4799453;4835;56016;785
GALAXY;173.3195491;35.88475051;24.42061;20.62309;18.91562;18.34712;18.0602;4504;1;108;0.3306466;4615;55618;280
GALAXY;2.170252439;16.11295854;23.59629;22.13309;20.78996;19.82567;19.41473;1739;6;316;0.4689722;6178;56213;613
GALAXY;348.3358147;25.68558112;23.93912;22.92743;21.78178;20.69582;19.83773;4822;3;437;0.6862542;7705;57332;35
STAR;42.04851482;32.46601939;21.8015;18.61152;17.18664;16.54847;16.14959;5934;4;155;3.69E-05;3210;54876;173
STAR;169.4172365;7.719849854;25.08139;22.03635;21.83119;21.71758;21.24758;3841;5;31;0.000266039;5369;56272;422
QSO;243.4989084;4.309791542;21.23949;20.39086;20.35097;20.25421;19.90627;3910;4;222;2.290692;4807;55687;940
GALAXY;44.37408879;3.017933102;25.76758;22.40062;20.49454;19.55738;19.04092;7675;6;164;0.524215;4257;55480;889
GALAXY;20.78260526;-6.876952044;22.40024;22.38897;20.59912;19.78579;19.13067;8067;4;107;0.5170577;7160;56599;653
GALAXY;150.8800311;4.873686683;22.33767;21.74014;20.67626;19.84993;19.52213;2126;5;212;0.6578612;4800;55674;775
GALAXY;132.8208583;30.87319979;23.83978;22.87262;20.98026;19.61335;18.91918;3606;2;59;0.7165546;5185;55978;63
GALAXY;140.5503268;34.90216421;21.66945;19.51412;18.1168;17.60705;17.25109;3606;2;110;0.2340868;1274;52995;206
GALAXY;145.198313;31.36179329;25.01055;25.68188;22.08467;20.87707;19.95657;4518;5;121;0.8152969;11378;58437;603
GALAXY;141.9489511;35.6620647;22.83775;22.53633;21.14728;20.04436;19.34116;3606;2;119;0.625698;10244;58225;721
GALAXY;140.6792636;35.04811027;21.29609;19.22355;17.69948;17.08743;16.75041;3606;2;111;0.2301247;5810;56358;676
QSO;11.17152657;12.00731689;20.22819;20.18983;19.53547;19.50299;19.35294;7773;2;383;1.319689;11042;58462;282
QSO;19.03452108;11.65873797;21.27749;20.74533;20.38233;20.25976;19.89784;7773;2;435;0.847156;4667;55868;842
GALAXY;239.3319454;28.58180886;17.95408;16.60142;15.99984;15.61901;15.42194;3927;4;78;0.07876735;1391;52817;505
GALAXY;8.348878998;11.94139807;24.67206;22.2909;20.96209;19.79067;19.14412;7773;2;365;0.5262727;6195;56220;957
GALAXY;22.74684115;11.34387918;24.91774;20.74357;18.8595;18.18621;17.75864;7773;2;459;0.3322576;4666;55832;344
GALAXY;204.0055161;46.75826518;21.48696;19.95936;19.76283;18.92081;19.5129;3716;5;125;0.1754265;6748;56371;271
GALAXY;9.913195377;-1.112548439;23.19134;22.69088;21.71342;21.21746;21.42393;4263;1;182;0.6868312;9350;58081;876
GALAXY;333.1101136;-0.41561229;23.68024;22.93109;22.38346;21.54711;21.80262;4192;3;176;0.912237;9237;58022;202
QSO;185.3537258;-2.58133748;20.71064;20.22823;19.8522;19.59367;19.34152;1140;3;217;2.875383;3777;55210;96
QSO;161.751689;-2.308345565;24.64835;22.00048;21.63793;21.72727;22.06267;1140;3;59;3.892739;3786;55563;316
GALAXY;253.5217439;19.05752435;21.94553;21.44538;19.54981;18.87251;18.44153;3927;4;186;0.3766502;4179;55684;50
QSO;341.9767943;10.93485171;21.26236;20.68755;20.53071;20.42182;20.13542;7773;2;192;2.3171;5050;56215;202
STAR;182.9413692;54.44562608;22.25055;20.72246;20.20829;19.9893;19.95151;2821;2;195;-0.0001067;8214;57867;449
GALAXY;332.4965618;19.15757811;25.10085;22.3726;20.71808;19.5564;18.878;8102;3;55;0.5577476;5029;55750;623
QSO;343.7625683;-0.296242798;22.65379;22.52258;21.95554;21.85023;21.03508;4192;3;247;1.166883;9152;58041;564
GALAXY;27.9236364;11.04438829;24.70554;22.40585;20.81726;19.85176;19.57173;7773;2;493;0.4870702;4659;55587;215
STAR;267.6272771;25.41078112;21.8857;20.22803;19.60719;19.38448;19.24491;4828;4;125;-0.000198018;2194;53904;600
GALAXY;129.669106;39.08014163;22.75972;22.33138;20.81303;19.78445;19.16647;2777;3;157;0.6659987;3764;55514;169
GALAXY;335.5467392;22.4328896;24.52573;24.56507;21.85904;20.6003;19.56432;4880;4;55;0.6919469;7583;56958;149
GALAXY;335.5081821;22.47769393;22.79176;22.59233;21.50218;20.39903;19.68608;4880;4;55;0.7572532;7583;56958;193
QSO;159.7712179;22.90220673;18.18608;18.04931;17.75193;17.73256;17.78253;5137;4;308;1.088803;6426;56334;562
STAR;161.1843151;23.1394412;19.2641;17.77944;17.10706;16.82521;16.66497;5137;4;317;-0.000197679;3251;54882;388
GALAXY;1.731275974;16.08166307;23.03303;21.09544;19.1943;18.51469;18.01897;1739;6;314;0.3878387;6172;56269;979
GALAXY;339.6094457;-0.401523854;21.71327;19.96071;18.68786;18.17053;17.76778;4192;3;220;0.1645852;1037;52878;180
GALAXY;333.3540846;-0.320424236;20.32781;19.06632;18.47048;18.13985;17.89553;4192;3;178;0.09479433;1034;52813;185
GALAXY;348.9491566;-1.880417751;24.43789;22.70037;21.57567;20.50386;19.82821;8038;5;145;0.5762115;9154;58013;207
GALAXY;155.3825322;24.20731664;19.28256;17.57086;16.79196;16.39657;16.09448;5112;3;302;0.03836939;2346;53734;594
QSO;157.9167669;24.75035887;18.6783;18.56849;18.28917;18.21018;17.68076;5112;3;318;0.3109573;10456;58136;758
GALAXY;233.5470394;57.86139907;21.55951;19.98315;18.36173;17.77722;17.37204;1412;3;326;0.3526742;615;52347;150
GALAXY;218.4943595;3.672961844;27.10127;21.44564;19.76561;18.72035;18.13984;2190;2;244;0.5233803;4780;55682;259
GALAXY;219.4043344;3.629358574;22.53234;21.49669;19.64375;18.98023;18.57421;2190;2;250;0.378709;4779;55656;486
GALAXY;8.497824975;15.34199651;23.2733;22.18751;20.6321;19.74818;19.26084;1904;4;205;0.4870008;6191;56248;959
GALAXY;12.27911585;15.17629618;23.66623;21.46025;19.74733;18.76491;18.23895;1904;4;230;0.4779218;419;51879;622
GALAXY;40.12550638;3.504013406;23.04723;22.91427;22.99111;22.17126;21.21337;7718;2;256;0.9313549;9417;58055;584
GALAXY;173.9845106;53.8740478;21.96245;19.88753;18.29062;17.68828;17.34309;2821;2;159;0.3390239;1014;52707;51
GALAXY;171.7118263;20.49908446;18.92981;17.81624;17.39396;17.10856;16.93358;5313;6;84;0.04427182;2498;54169;410
QSO;13.18660771;11.75612291;22.87967;21.90276;22.01376;21.87333;21.08294;7773;2;396;2.370471;6206;56245;282
STAR;253.2321808;20.18198182;21.94906;19.48184;18.09411;16.86405;16.20561;3927;6;180;0.000116481;1568;53169;485
GALAXY;146.439282;2.237543307;23.64582;22.5292;21.11902;19.68053;19.12656;1907;4;159;0.6780099;4743;55645;493
GALAXY;154.9992571;2.519429043;19.75519;18.16221;17.35794;16.94063;16.70611;1907;4;216;0.1045373;503;51999;481
GALAXY;129.5777165;29.04539998;25.40071;21.92014;19.56422;18.92485;18.5644;3606;2;37;0.4664853;4454;55536;800
GALAXY;135.6885486;32.36543236;19.77462;18.29778;17.87563;17.65845;17.66204;3606;2;78;0.049568;1271;52974;628
STAR;169.863745;27.79838512;24.98477;21.998;20.30022;18.3646;17.31518;5112;6;392;7.99E-05;2216;53795;376
GALAXY;216.7386149;3.708190502;26.25848;21.962;20.22898;19.7197;19.31304;2190;2;232;0.3630285;584;52049;22
GALAXY;222.879539;3.359325321;20.54891;18.77037;17.51467;17.01419;16.62887;2190;2;273;0.1833921;588;52045;230
GALAXY;6.291804013;15.29240195;24.36881;22.74608;20.75183;19.90575;19.35456;1904;4;191;0.5043948;6184;56267;943
STAR;263.0604632;34.13579959;17.84751;16.52499;15.95014;15.68786;15.5457;5327;4;76;-0.000368276;2253;54551;445
GALAXY;244.9043201;24.95609665;24.38507;21.25443;19.49255;18.78668;18.41773;3927;4;120;0.3778846;4727;55693;4
GALAXY;338.7927186;20.33371814;25.72364;23.03721;21.04014;19.72521;18.91054;8102;3;96;0.6592138;5025;55836;645
QSO;181.4076355;54.4684317;20.63578;20.41439;20.31782;20.00517;19.82034;2821;2;189;1.69534;8229;57430;166
STAR;144.8116911;46.92047672;24.45142;21.51859;20.46167;19.93067;19.51852;2821;2;28;-0.000186219;7316;56710;755
GALAXY;344.1731191;19.13264576;23.33889;21.98714;20.46255;19.46317;18.94339;8096;4;128;0.63022;5027;56218;931
GALAXY;344.7363945;19.21243647;25.25439;22.75798;21.25602;20.01969;19.5348;8096;4;132;0.5368775;6128;56236;557
GALAXY;345.4177658;19.3134168;27.15929;22.70051;21.00303;19.87887;19.46968;8096;4;136;0.5405381;6128;56236;679
QSO;2.172225938;16.19665602;21.5802;20.57191;20.3905;20.20049;20.35182;1739;6;316;2.89748;6178;56213;578
STAR;167.6970195;-2.448301392;22.45479;21.62992;21.44386;21.35073;20.83829;1140;3;99;0.00046142;3773;55240;70
GALAXY;338.7670717;20.22490516;22.55764;23.12675;21.87608;20.6733;19.82829;8102;3;95;0.695454;7585;57190;329
QSO;29.98416518;10.84376415;19.15626;17.8138;16.79765;16.2748;15.88608;7773;2;506;0.1403166;4656;55828;123
GALAXY;137.2969378;43.66577476;22.79371;22.47182;21.2807;20.13826;19.31719;2777;3;206;0.680968;8282;57041;37
GALAXY;116.562614;27.52112922;19.75681;18.48689;17.47693;16.9563;16.61813;2777;3;51;0.1463097;1059;52618;193
GALAXY;136.7230978;43.4895958;19.39632;17.27617;16.17484;15.65449;15.20023;2777;3;203;0.119708;831;52294;531
GALAXY;119.125577;30.24383019;25.62371;22.70023;21.12361;19.93859;19.25019;2777;3;74;0.6291084;3752;55236;159
STAR;139.0216404;10.84679253;22.92909;22.60838;20.95995;19.55458;18.62085;3830;4;147;-0.000137334;5302;55896;39
GALAXY;6.92376243;-7.171385604;27.36843;22.43094;20.83237;19.63248;18.86167;8067;4;15;0.6554138;7151;56598;855
GALAXY;7.422320376;-7.092414458;21.7794;20.64518;18.97875;18.36097;17.95331;8067;4;18;0.3134138;7152;56660;608
QSO;353.0493562;2.058503831;22.59323;22.02358;21.86487;21.92594;22.55944;7717;3;283;0.53741;4282;55507;440
STAR;207.9757918;7.515927906;18.98802;17.92512;17.56229;17.41123;17.41349;3841;5;286;-2.13E-05;1805;53875;458
QSO;164.1158186;23.56505075;20.67499;19.86842;19.77686;19.74236;19.43085;5137;4;335;2.308915;6418;56354;382
QSO;116.0958893;30.45661151;20.16698;20.08098;20.14427;19.85855;19.66567;2825;5;57;2.050636;10290;58099;69
GALAXY;336.9000742;18.1343554;21.83943;21.77629;20.60705;19.80544;19.55602;8096;4;82;0.5490854;5024;55854;243
GALAXY;1.450489567;16.18984861;20.56053;18.51112;17.4491;16.99342;16.61498;1739;6;312;0.1133807;751;52251;445
GALAXY;0.897616927;-8.05245344;24.55362;21.62312;20.58913;19.78403;19.89672;8100;2;326;0.6165675;7148;56591;373
GALAXY;346.5385253;-1.831567186;22.54264;21.88185;20.5309;19.73092;19.27667;8038;5;129;0.4907817;4361;55831;646
GALAXY;347.3297384;-1.753196014;22.57449;22.28132;20.28931;19.36939;18.81012;8038;5;135;0.4816059;4361;55831;849
GALAXY;184.9315004;7.664289815;20.18216;18.35232;17.27345;16.83153;16.47283;3841;4;134;0.1373082;1626;53472;319
GALAXY;198.6633483;7.316756481;25.32373;22.30239;20.49459;19.5481;18.78767;3841;4;225;0.5038501;4840;55690;591
GALAXY;336.8458991;19.98816058;22.24721;19.30773;17.92509;17.39431;17.07972;8102;3;83;0.2128639;6118;56189;366
STAR;329.5320046;18.50314166;23.20142;21.65676;20.38945;19.48816;18.9276;8102;3;36;-0.000172228;5020;55852;895
GALAXY;330.9304162;18.76884312;25.2542;22.60953;21.0792;19.95091;19.54768;8102;3;45;0.5991167;5021;55863;333
GALAXY;331.0818191;18.82351478;22.64225;20.81143;19.0024;18.40315;17.95367;8102;3;46;0.3423518;5028;55836;782
STAR;345.0282098;21.08373087;21.62115;21.34279;20.16104;18.65479;17.66638;8102;3;135;-7.89E-05;6591;56535;363
GALAXY;22.82819558;11.479543;21.00585;19.00955;17.46504;16.80119;16.35259;7773;2;459;0.2151138;4666;55832;317
GALAXY;316.825682;7.865024986;23.53811;23.37748;21.15316;19.82874;19.44676;7773;2;25;0.6264167;4079;55363;617
GALAXY;40.49767767;3.560160934;23.20226;24.53431;23.82936;22.09652;22.75254;7718;2;259;0.5301569;9416;58098;314
STAR;242.7101015;17.8369965;20.23238;19.24946;19.04356;18.94587;18.91817;4671;1;99;-0.000275899;3289;54910;599
STAR;241.056947;18.48223578;20.32845;19.4245;19.06592;18.87761;18.87157;4671;1;88;0.000164848;3289;54910;364
GALAXY;160.7244709;25.20411955;22.75712;22.79135;22.28076;21.63456;21.83693;5112;3;335;0.8744593;10461;58142;962
GALAXY;6.125301287;-1.169407719;24.20276;21.75866;20.16875;19.16595;18.59111;4263;1;156;0.5021392;4220;55447;395
GALAXY;253.903288;21.64624399;22.23756;22.52513;20.68222;19.46133;18.83153;3926;4;202;0.6598983;4178;55653;303
GALAXY;136.129033;32.76938051;22.93348;20.57471;18.853;18.21338;17.80852;3606;2;82;0.3264136;5809;56353;544
GALAXY;341.7962244;20.75688464;22.41543;22.18979;20.56977;19.67478;19.26723;8102;3;115;0.4833596;6120;56206;347
GALAXY;242.895108;26.35413005;18.45179;16.53581;15.60624;15.17542;14.84507;3927;4;104;0.07519736;1393;52824;152
GALAXY;254.3174856;18.45263092;19.01066;17.92526;17.26291;16.91928;16.64811;3927;4;192;0.03282385;1567;53172;166
GALAXY;238.1899641;29.17720376;20.40665;18.22079;17.13235;16.68729;16.34318;3927;4;71;0.141691;1391;52817;334
STAR;179.7502037;-2.673389921;20.85931;19.81905;19.72314;19.69964;19.64133;1140;3;179;0.000756407;3776;55209;170
STAR;189.8541471;-2.636599144;16.58941;15.12915;14.56525;14.38807;14.31969;1140;3;247;0.000104294;2897;54585;319
GALAXY;241.4590468;27.24533052;18.25378;16.58313;15.89249;15.52189;15.30048;3927;4;94;0.04541309;1392;52822;593
GALAXY;244.7729047;25.20518652;21.64464;18.87211;17.81801;17.34803;16.99254;3927;4;118;0.1109725;1576;53496;139
GALAXY;12.27257455;-8.260558093;19.3772;17.42771;16.41689;16.00279;15.66193;8095;2;381;0.1137839;7155;56629;418
QSO;181.0716073;54.33957169;20.51585;20.24112;20.2057;19.90496;19.80293;2821;2;187;1.621598;6688;56412;402
QSO;182.7731945;54.42137895;21.52916;21.66393;21.72251;21.77715;21.13445;2821;2;194;2.081617;8214;57867;482
GALAXY;338.5802286;20.21664912;22.12341;21.55746;20.58542;19.85185;19.40779;8102;3;94;0.6489189;6119;56181;433
QSO;346.5019246;12.66310264;22.28893;21.60472;21.37432;21.39408;20.87335;7773;5;222;2.701146;6154;56237;832
GALAXY;327.7840794;9.458564974;23.03421;21.76178;20.05691;18.89577;18.4569;7773;2;98;0.573716;4095;55497;487
GALAXY;5.24539637;12.04978632;26.19394;23.96235;21.2559;19.88415;19.21673;7773;2;344;0.6742269;6190;56210;481
GALAXY;338.1475803;-0.243602104;20.14869;19.24574;18.69993;18.42369;18.31868;4192;3;210;0.2086649;377;52145;320
GALAXY;235.2159434;30.77876451;24.28438;21.98381;20.70392;19.78396;19.39429;3927;4;50;0.4861198;4722;55735;839
GALAXY;251.0647535;20.79603961;18.27611;17.07667;16.60136;16.33783;16.16579;3927;4;166;0.0323952;1569;53168;424
GALAXY;232.5869424;32.17321231;19.03692;17.14964;16.19931;15.74957;15.4193;3927;4;33;0.09138044;1387;53118;40
GALAXY;229.2830273;33.52074333;20.41988;18.59942;17.66353;17.25764;16.90723;3927;4;12;0.1115472;1386;53116;484
STAR;354.438295;32.19565345;19.26509;18.22012;17.82656;17.64138;17.58769;8111;4;49;-0.000424118;7760;58080;472
GALAXY;132.3677285;40.84110788;22.92736;24.14672;21.71825;20.6274;19.96332;2777;3;175;0.6480679;8295;57401;95
GALAXY;343.6384881;23.7716558;23.76551;22.51311;20.61219;19.72001;19.1272;4880;4;106;0.5773105;6588;56536;397
GALAXY;139.420929;44.95587529;25.42519;22.29782;20.52947;19.53461;19.04271;2777;3;219;0.5249239;4687;56369;837
GALAXY;127.5910367;37.47453409;22.59955;21.02378;19.52688;18.65291;18.18871;2777;3;142;0.4159483;3762;55507;826
QSO;329.9996234;3.726587912;22.99822;22.15485;22.08356;22.02047;22.12553;7765;3;122;1.865205;11329;58426;1000
GALAXY;211.9374232;48.84434965;24.46953;23.57676;21.76145;20.48442;19.83298;3838;3;90;0.6988617;8499;57431;821
QSO;348.7029987;2.030856673;24.88311;21.48462;19.59986;19.5388;19.68916;7717;3;254;4.11414;9174;58070;803
QSO;5.558010114;-3.102494069;21.45356;20.76791;20.82399;20.85721;20.36657;7778;2;354;2.549236;4366;55536;46
GALAXY;165.9244452;32.33980136;22.98389;21.95733;20.58774;19.84794;19.55155;4576;1;341;0.3395573;6442;56369;69
STAR;135.7433358;46.41029673;20.77593;19.10901;18.82173;18.6787;18.72135;2825;5;204;-0.000324948;5162;55893;996
QSO;249.6085305;45.77681116;20.03447;19.94801;19.77898;19.72773;19.7445;1453;3;61;1.15845;8541;58257;214
STAR;125.8853125;13.49412713;20.71819;18.03484;16.90619;16.56785;16.35909;5137;4;84;2.98E-05;4503;55563;462
GALAXY;133.1104174;16.12344683;24.74097;21.81865;21.38399;21.43681;21.35231;5137;4;134;0.2184408;11087;58488;324
GALAXY;40.29111418;3.586411109;24.7618;23.50528;22.25379;21.97982;21.52896;7718;2;257;0.7652147;9417;58055;624
GALAXY;24.95262562;2.378935036;23.65257;23.76629;22.90933;22.02259;21.35769;7717;4;496;0.7244605;9398;58124;764
STAR;36.91526376;24.08637177;18.78726;17.12819;16.40216;16.11632;15.97406;5934;4;92;-1.31E-05;3241;54884;427
GALAXY;217.7677579;3.643497838;25.02263;22.10707;20.36452;19.53686;19.08878;2190;2;239;0.494602;4780;55682;417
GALAXY;4.617657052;15.38650124;25.22674;22.17591;20.46942;19.55645;19.15983;1904;4;180;0.4731573;6184;56267;621
QSO;345.3192011;26.13304773;21.30888;20.47238;20.39975;20.41795;20.13681;6366;4;75;0.694058;6582;56274;135
STAR;349.7471568;18.53768963;19.23088;17.96239;17.82065;17.78402;17.82338;6366;4;133;-0.000110878;7607;56902;299
STAR;66.51820543;17.12065377;19.05087;16.49607;14.96787;13.62782;12.39726;6003;2;152;8.57E-05;1637;52992;492
STAR;210.841126;7.310204059;21.84786;20.95987;20.85843;20.83487;20.43761;3841;5;305;3.86E-05;4863;55688;838
QSO;24.0073888;18.74291911;22.32961;21.89431;21.73312;21.01897;20.31232;7923;3;333;1.711668;7246;56625;64
GALAXY;177.892986;54.17634892;19.34375;18.07431;17.60009;17.26951;17.08463;2821;2;175;0.05188603;1017;52706;244
GALAXY;162.6116843;52.22326714;19.27099;18.12522;17.67884;17.37751;17.24479;2821;2;113;0.06552584;1010;52649;102
GALAXY;218.5622031;25.4253978;19.51559;18.07312;17.21544;16.7948;16.44413;4649;3;226;0.09375799;2135;53827;159
STAR;331.9915779;18.38928499;21.51034;21.02409;21.08671;21.08473;21.71761;8108;2;64;-0.000244433;7572;56944;26
GALAXY;43.67258231;3.118984003;24.02046;20.5104;18.75779;18.09334;17.70065;7675;6;160;0.3205462;4257;55480;718
QSO;134.2559804;31.58466408;24.69369;23.80136;21.80155;20.66028;19.84621;3606;2;69;0.9987301;10666;58440;793
GALAXY;144.8394348;31.19624589;21.74668;22.23314;21.68136;20.96259;20.15859;4518;5;118;0.9159158;10445;58158;392
GALAXY;145.1552789;31.26454196;21.97341;21.25766;21.89866;21.5234;23.10174;4518;5;120;0.7528014;10445;58158;350
GALAXY;130.3277566;29.48967494;20.3372;18.24108;17.39116;16.91535;16.60453;3606;2;42;0.0838319;1268;52933;629
QSO;169.394457;27.74662119;19.55769;19.469;19.24376;19.25563;19.37844;5112;6;389;1.320359;11357;58522;99
STAR;171.2128039;27.9994711;25.24017;22.72488;21.18456;19.22162;18.08441;5112;6;400;0.000153018;2216;53795;563
STAR;173.0467607;28.11568152;19.9559;19.75046;20.15038;20.38478;20.89714;5112;6;411;-0.000328751;2218;53816;569
GALAXY;26.43282911;11.03811648;23.0005;20.61602;18.94409;18.32247;17.85413;7773;2;483;0.3265843;4662;55590;96
GALAXY;340.769739;20.60637412;26.59091;21.09993;19.23971;18.57262;18.16926;8102;3;108;0.3267915;6120;56206;483
GALAXY;242.1654629;26.82890873;20.14127;18.32061;17.4176;16.9338;16.60905;3927;4;99;0.127938;1393;52824;486
QSO;341.822557;10.89639827;22.75185;21.70168;21.49237;21.54097;21.07332;7773;2;191;2.723905;5055;55889;622
GALAXY;346.6500755;21.41942276;20.87844;19.43145;17.96036;17.33367;16.90774;8102;3;145;0.2091066;6592;56535;377
QSO;329.5646293;18.51234295;21.65404;21.56676;20.70138;19.81271;19.68168;8102;3;36;4.858816;5020;55852;887
STAR;267.8727335;25.26388096;18.04481;17.11568;16.75286;16.61002;16.56301;4828;4;127;-0.000497024;2183;53536;40
GALAXY;118.1620721;29.28229906;23.07223;21.48396;20.34187;19.62424;19.09104;2777;3;66;0.5847304;3752;55236;367
GALAXY;332.3230115;21.70544125;24.65833;24.68067;22.00761;20.91763;20.02226;4880;4;35;0.6350492;7579;56954;343
GALAXY;345.4239245;23.96474469;26.33056;21.62988;19.9664;19.04305;18.50551;4880;4;117;0.4740704;6588;56536;67
GALAXY;135.3762364;42.76832738;23.81485;22.98044;21.95543;20.54633;19.88754;2777;3;195;0.6326854;8282;57041;325
STAR;0.724235845;16.17665938;19.54506;18.97217;18.72278;18.64299;18.69172;1739;6;307;0.000330593;751;52251;326
QSO;215.0940347;-2.431389549;19.58494;19.71145;19.2975;19.19037;19.2885;2379;3;39;1.340945;917;52400;160
GALAXY;230.8610876;46.53686521;22.60694;22.7738;20.73783;19.62386;19.10189;3187;2;39;0.5939884;1331;52766;212
GALAXY;120.951332;41.81994683;23.25148;22.47993;20.89256;19.90502;19.36902;6573;3;242;0.5023846;5944;56220;993
GALAXY;153.3603274;15.99827398;23.35156;23.0594;22.2878;21.48384;20.90593;5972;6;253;0.7917021;9575;57786;350
GALAXY;197.5909602;33.17643584;23.21531;20.82209;19.10903;18.48745;18.13422;4576;1;518;0.3082863;3980;55331;444
STAR;131.0799197;43.50723233;24.18559;24.28872;21.95005;20.68925;19.65184;2825;5;175;-6.16E-05;6783;56284;175
GALAXY;156.8166525;56.94472013;22.74399;21.17586;19.45796;18.723;18.40631;2243;4;237;0.4266886;7088;56657;477
GALAXY;159.6604774;5.349954202;22.10259;21.69923;20.61117;19.75168;19.39229;2126;5;270;0.5432018;4773;55648;587
GALAXY;244.558638;25.33053786;21.52871;19.26029;17.79279;17.22842;16.83219;3927;4;116;0.2191196;1575;53493;158
GALAXY;231.4161767;32.72469847;22.85925;20.02035;18.46368;17.88627;17.44498;3927;4;25;0.292747;4719;55736;850
GALAXY;155.0045483;24.16787374;20.36963;18.61764;17.52842;17.06794;16.72049;5112;3;300;0.1441921;2346;53734;156
GALAXY;155.2195719;24.24272092;19.82232;18.00122;17.18566;16.8113;16.56224;5112;3;301;0.04069763;2346;53734;589
GALAXY;347.5654299;-1.887573593;23.33595;22.02624;21.38535;20.46042;19.83874;8038;5;136;0.8155687;9214;57684;45
GALAXY;348.9732321;-1.870323557;22.62726;22.33977;22.47818;20.87365;21.29475;8038;5;146;0.799771;9213;57712;136
STAR;37.50434375;25.09658069;25.15959;22.10259;20.4458;18.72549;17.82163;5934;4;99;-8.18E-05;2399;53764;209
GALAXY;237.540105;33.71978891;20.77034;18.79863;17.60102;17.1183;16.7616;3926;4;76;0.193515;1403;53227;475
QSO;228.626249;12.68317012;21.91896;21.30166;21.41958;21.15269;20.8961;5322;3;127;2.302848;5488;56013;276
QSO;357.8852821;2.724528808;21.08625;21.16819;20.86348;20.70051;20.53805;7712;4;315;1.428186;7849;56980;706
GALAXY;5.808392305;-1.052766662;21.85297;21.73966;20.70529;19.54745;18.90626;4263;1;154;0.6812496;4219;55480;131
GALAXY;15.80591297;-1.05681497;19.9007;19.10365;18.86762;18.66237;18.71533;4263;1;221;0.1082131;1498;52914;283
STAR;343.0680771;12.43770821;26.11718;21.95147;21.06702;21.00998;20.83483;7773;5;200;-0.000256286;5051;56214;596
GALAXY;166.0169345;16.76606087;22.56449;22.54556;20.78441;19.73407;19.42067;5360;4;134;0.5292884;5358;56016;936
GALAXY;158.855497;58.09054548;25.98469;24.09011;22.3876;20.70866;19.86629;2987;5;62;0.7219745;8189;57448;45
GALAXY;352.1522152;20.10192415;24.38471;21.05876;19.31031;18.6544;18.17172;7923;5;132;0.3709848;6124;56211;820
GALAXY;353.4866729;20.16358382;21.97973;21.26751;19.98818;19.08841;19.42037;7923;5;141;0.2982582;6125;56273;643
GALAXY;2.081037181;20.54462525;23.29982;21.54473;20.67021;19.86138;19.39727;7923;5;195;0.3873063;6171;56311;285
STAR;152.4807359;22.01968422;19.55399;18.20431;17.75615;17.60063;17.58103;5137;5;263;-0.000164923;3179;54830;448
GALAXY;241.6234263;54.16755039;20.21895;18.22567;17.26563;16.82078;16.39092;1412;5;365;0.1085284;621;52055;502
GALAXY;151.3390875;49.40966439;23.94282;22.26192;20.45863;19.34155;18.85504;2821;2;61;0.5671554;6661;56366;573
QSO;12.90647339;3.165370337;22.26926;22.35695;21.92761;21.65333;21.39758;7712;5;415;2.685201;8751;57685;48
QSO;10.76788382;11.94980744;22.23041;21.84103;21.02;20.74303;20.44586;7773;2;380;1.129313;11042;58462;364
QSO;11.56886472;11.84718123;23.19861;21.06898;20.75031;20.74632;20.55572;7773;2;386;2.772941;6205;56187;724
GALAXY;233.6638714;31.59595723;17.3051;15.40858;14.51289;14.0719;13.78283;3927;4;40;0.06560035;1388;53119;548
GALAXY;346.3236975;11.3367126;22.74142;20.29404;18.51784;17.88012;17.61165;7773;2;221;0.2651756;6154;56237;770
GALAXY;10.11395548;-8.177208356;19.98815;17.85162;16.7891;16.35512;15.95364;8095;2;367;0.1308573;7153;56904;176
QSO;181.8332574;54.50006463;21.56795;21.52187;21.13519;21.17609;20.66972;2821;2;190;1.407133;8229;57430;130
GALAXY;125.9283254;41.46895907;25.89417;23.1729;21.45626;20.34622;20.51959;6573;1;266;0.5380754;3808;55513;564
GALAXY;148.4801952;5.868383011;23.50447;22.07193;20.44423;19.61865;19.13031;3015;3;229;0.4510657;4874;55673;485
GALAXY;128.7642757;4.044497207;21.98972;20.88191;19.26819;18.55082;18.23901;3015;3;98;0.4061293;4794;55647;746
GALAXY;127.1969758;3.851750046;24.62157;21.45333;19.66073;18.85231;18.13633;3015;3;87;0.4354195;4789;55923;603
GALAXY;129.3916924;4.197418416;25.1093;21.13836;19.8287;19.06776;18.66838;3015;3;102;0.2665354;3809;55533;615
GALAXY;136.6631615;4.92316235;25.73747;21.33814;19.42252;18.48529;17.99668;3015;3;151;0.482653;1192;52649;120
GALAXY;340.0683226;-0.336132564;16.96466;16.08031;15.55332;15.16042;14.89353;4192;3;223;0.05672755;377;52145;114
GALAXY;235.8200703;30.52350071;23.1526;22.56098;20.95999;19.75838;19.00207;3927;4;54;0.6044082;5011;55739;413
GALAXY;234.785777;30.92388849;20.06275;17.97889;16.7541;16.28635;15.93137;3927;4;48;0.1725525;1389;53135;500
GALAXY;233.4412817;31.67567102;18.68872;16.67637;15.69528;15.268;14.91892;3927;4;39;0.08979027;4723;56033;270
GALAXY;129.6314055;28.87200711;24.97202;24.41423;22.08561;21.55925;22.29758;3606;2;36;0.584038;9611;58107;749
QSO;187.1006367;-2.514541896;21.68158;21.17632;21.10896;20.98014;20.60027;1140;3;228;2.401113;3792;55212;256
QSO;329.6450786;18.57462453;24.4593;22.48532;20.98118;19.78359;19.39403;8102;3;37;5.922225;5022;55827;81
GALAXY;328.3770947;18.38453165;22.72095;23.17826;20.95014;19.6773;19.08472;8102;3;29;0.5113565;5020;55852;657
GALAXY;317.7220038;8.125004974;23.23128;21.45683;19.54242;18.87535;18.45086;7773;2;31;0.3844053;4079;55363;842
GALAXY;214.9224368;56.62172095;25.15787;23.76707;23.05294;21.2333;19.83673;3225;4;57;1.030206;8398;57870;499
QSO;21.02211028;31.56719354;19.88843;19.75998;19.65091;19.63572;19.80677;8111;4;199;1.435107;7728;58138;383
QSO;352.4763402;32.08368061;19.22127;18.89125;18.77551;18.64375;18.57708;8111;4;37;1.653339;7766;58395;340
GALAXY;119.622158;30.65082507;19.2069;17.57562;16.51169;16.00991;15.6378;2777;3;78;0.1574298;1061;52641;253
GALAXY;132.7799387;41.15902344;23.07471;23.03132;21.29062;20.02984;19.29469;2777;3;178;0.7259415;8295;57401;9
GALAXY;131.2592813;39.9209518;25.00014;22.01657;20.77574;19.84935;19.42298;2777;3;167;0.4572499;4607;56248;517
GALAXY;140.3021651;45.21266285;19.27454;17.89281;17.22188;16.80159;16.54814;2777;3;223;0.08245081;833;52314;251
GALAXY;44.24712306;3.068179714;22.7732;22.71394;21.85914;21.3394;21.06839;7675;6;164;0.7743795;9414;58153;194
GALAXY;44.7265667;3.113345624;22.82083;22.69738;22.17571;21.5612;21.08353;7675;6;167;0.8388935;9414;58083;940
GALAXY;131.9823678;46.40428599;23.32006;21.26305;19.48546;18.71157;18.2586;2243;4;114;0.4355204;5163;55889;964
STAR;118.180953;9.495323049;18.95101;17.49336;16.98946;16.83429;16.77429;5137;2;28;0.000163656;2940;54508;415
STAR;126.8565997;13.04305812;19.79291;18.46646;17.95433;17.77887;17.73801;5137;2;89;-1.53E-05;3195;54832;285
QSO;131.7161646;62.70512752;20.30552;19.86924;19.59601;19.32831;19.0562;4264;4;196;2.099468;1875;54453;538
STAR;131.7952121;62.6119989;21.24145;19.81859;19.46297;19.2667;19.25962;4264;4;196;-0.000331681;5714;56660;420
GALAXY;2.826430318;16.17365044;20.00457;18.62643;17.5798;17.06867;16.69294;1739;6;321;0.2130592;752;52251;372
GALAXY;167.3392706;32.52540313;23.13416;22.23646;20.66232;19.71697;19.41692;4576;1;349;0.4983662;6440;56370;313
GALAXY;117.4670379;28.53683285;21.29262;22.11469;21.21139;19.75376;19.60138;2777;3;59;0.6549623;4452;55536;75
QSO;13.65664102;15.15656924;21.79432;21.43184;20.4117;19.39751;19.60238;1904;4;239;0.6202226;5704;56187;575
GALAXY;226.8658046;52.63741426;21.98354;21.67733;20.53368;19.68838;19.28685;3225;4;110;0.6235121;6720;56390;765
GALAXY;246.2735186;27.68818981;22.31733;19.77322;18.22813;17.60012;17.20202;3926;4;141;0.2205371;5005;55751;482
QSO;338.6799185;2.534135046;21.89082;21.45706;21.27173;21.18303;20.61029;7712;4;187;1.96025;11343;58430;213
STAR;348.2478408;21.12179841;19.03688;17.77208;17.22694;17.00828;16.90066;6366;4;113;-0.000551058;2623;54328;57
GALAXY;352.6070757;20.12433403;22.88479;23.20234;22.25354;20.75298;19.88546;7923;5;135;0.6802183;7604;56947;887
GALAXY;210.7974015;27.23383245;21.85144;21.21134;20.00644;19.26682;18.75031;4649;3;178;0.5675423;6009;56313;139
GALAXY;178.0560742;68.0521245;19.4133;18.33678;17.67662;17.26303;17.08852;1412;5;152;0.2040912;492;51955;561
QSO;47.23418626;0.732158468;20.39584;19.71195;19.50802;19.51389;19.26613;4849;5;770;2.314363;1514;52931;370
STAR;339.9403581;10.81431812;18.56529;17.64078;17.24995;17.10404;17.04696;7773;2;179;-0.000971338;5054;56191;711
GALAXY;130.9928365;29.72106576;24.25059;18.96529;17.56103;16.99354;16.63794;3606;2;46;0.20808;1269;52937;116
STAR;132.0914211;30.33595725;24.59292;21.43092;20.07493;18.97442;18.34488;3606;2;54;0.000210771;5183;55976;928
GALAXY;133.9514272;31.4733525;23.62046;22.68113;23.89268;21.79831;22.54736;3606;2;67;0.7835737;10434;58140;355
GALAXY;127.115773;27.33186513;24.68645;22.63096;20.90887;19.87243;19.29071;3606;2;18;0.5884271;4455;55539;225
STAR;353.9582671;32.18366658;23.9188;20.87381;19.35272;18.81091;18.33777;8111;4;46;-0.000409922;7766;58395;28
GALAXY;338.0557631;22.82295584;24.76785;24.11772;22.03849;20.8144;19.79268;4880;4;71;0.8553548;7586;57186;137
GALAXY;344.0177535;23.76246073;22.70922;20.8528;18.98933;18.31854;17.8281;4880;4;108;0.3582624;6588;56536;318
GALAXY;128.713522;38.32046854;22.66286;21.82493;20.87815;19.9278;19.40707;2777;3;150;0.6524535;3763;55508;863
STAR;356.7913071;33.92740899;22.15897;20.76554;20.66686;20.52393;20.08388;8157;2;100;-0.00062554;7143;56572;354
GALAXY;8.352585229;12.05956046;26.44692;21.89963;19.76572;19.10525;18.66872;7773;2;365;0.3758881;5656;55940;550
GALAXY;10.21957232;11.99542459;25.94283;22.25543;20.63024;19.58946;19.00815;7773;2;377;0.5372346;6201;56186;945
GALAXY;316.8945139;7.804129015;26.83779;22.05194;20.47149;19.60169;19.04813;7773;2;25;0.494965;4079;55363;619
GALAXY;32.28962496;-1.156283409;22.90951;22.60206;21.56881;20.75868;20.75785;4263;1;331;0.9356022;9316;58082;760
GALAXY;243.918745;25.59335694;22.43314;20.05962;18.29554;17.62918;17.2715;3927;4;112;0.3183751;1576;53496;293
QSO;193.8320657;-2.533233397;20.84887;20.27891;20.21787;20.28791;19.87705;1140;3;273;2.335541;3779;55222;58
STAR;338.2832674;20.1386179;24.10556;21.54979;20.4519;19.59073;19.20694;8102;3;92;5.89E-05;5025;55836;573
GALAXY;344.1378887;-0.338069127;23.83055;22.89172;21.76476;20.94061;20.49748;4192;3;250;0.7994075;9216;57693;984
GALAXY;329.321952;18.55996885;23.20872;23.66559;21.79273;20.12383;19.35745;8102;3;35;0.6776466;7572;56944;531
GALAXY;351.3146791;11.59179207;27.16486;20.21205;18.55799;17.90797;17.5325;7773;2;253;0.2954488;6148;56209;218
GALAXY;26.79775039;11.17946464;25.56209;21.49968;19.54955;18.92353;18.57487;7773;2;485;0.3573802;4659;55587;448
GALAXY;27.92420934;10.9933576;24.39606;20.80774;19.02999;18.33486;17.79413;7773;2;493;0.3637663;4659;55587;170
GALAXY;331.690805;-0.361522166;20.50751;19.46084;18.76047;18.3034;18.43876;4192;3;167;0.1431009;1033;52822;180
GALAXY;242.4132119;26.76744408;18.65297;17.10257;16.31899;15.87711;15.56867;3927;4;100;0.076949;1393;52824;502
GALAXY;148.5913752;4.751633354;19.05938;17.57685;17.09509;16.75525;16.62675;2126;5;197;0.08200276;571;52286;576
QSO;249.9361054;45.38608319;22.73596;22.51808;22.18846;21.7672;23.99034;1453;3;64;1.545372;8540;58287;822
GALAXY;122.734614;39.11211548;21.4281;19.2064;17.75415;17.19814;16.80699;2243;4;47;0.2285923;759;52254;167
GALAXY;188.0850377;7.638667655;20.11526;18.25729;17.20468;16.77188;16.38529;3841;4;155;0.1326597;1627;53473;557
GALAXY;191.7935075;7.463992291;20.11847;18.14779;17.17198;16.74862;16.40632;3841;4;179;0.09666708;1790;53876;552
GALAXY;172.8092675;35.98916843;23.11764;21.11512;19.33245;18.65325;18.2825;4504;1;106;0.4095968;4618;55600;14
GALAXY;179.5148699;36.33939143;24.21667;22.25502;20.6385;19.69814;19.10034;4504;1;142;0.5655412;4650;55648;887
GALAXY;179.8589312;36.52957456;25.58833;22.70446;21.73393;20.52768;19.88303;4504;1;144;0.615721;8864;57428;393
GALAXY;154.7484594;24.0636787;22.91037;22.69157;22.11891;21.78776;21.09787;5112;3;298;0.884706;9619;57866;474
GALAXY;347.1281869;-1.862916815;22.82882;21.0374;19.41936;18.78851;18.42626;8038;5;133;0.3008167;9153;58022;171
QSO;349.5761689;2.650846113;21.06539;21.08206;20.54379;20.67609;20.59335;7712;4;260;1.306505;11289;58398;484
GALAXY;14.12311387;15.14281544;19.28338;17.53712;16.7281;16.32265;16.04339;1904;4;242;0.07877007;421;51821;346
GALAXY;6.644481658;15.21359257;22.29008;20.41182;18.75838;18.18537;17.806;1904;4;193;0.3018337;6185;56217;46
GALAXY;127.7107753;1.753036779;19.624;18.03556;16.98292;16.42615;16.05308;1907;4;34;0.1826014;4794;55647;444
QSO;347.7965942;18.92028703;22.39199;21.47337;21.07907;20.81239;20.54153;7923;3;104;0.7098857;7611;56946;858
STAR;227.7210371;44.08425424;17.70671;16.48556;16.03044;15.872;15.81889;3918;4;201;-0.00051018;3390;54945;149
QSO;240.3012216;18.96315568;21.10217;20.71082;20.44927;20.40355;20.20131;4671;1;82;1.040037;3930;55332;122
QSO;2.213091551;3.322291887;21.29851;21.04818;20.68341;20.54244;20.42633;7712;5;344;1.919415;8743;57663;136
QSO;7.425832847;3.180721243;22.76363;22.30827;22.18311;21.76735;21.58376;7712;5;379;1.567106;8747;57401;129
QSO;16.53625631;3.23664949;20.96592;20.97726;20.94626;20.64334;20.41272;7712;5;440;1.863758;8756;57687;291
STAR;218.4630024;14.6588068;24.54726;23.38116;22.05099;18.91644;17.35966;5322;3;59;-6.40E-05;2747;54233;73
GALAXY;173.650657;67.8735874;18.50882;16.67776;15.88844;15.50315;15.19838;1412;5;141;0.06369793;492;51955;335
GALAXY;134.2819875;24.10479243;23.40868;24.58809;22.48084;21.74477;21.81027;4576;4;148;1.605999;9598;58085;492
STAR;258.7447245;42.56706303;20.25485;18.3574;17.99783;17.98551;17.71192;5327;4;16;-0.000268824;2256;53859;439
GALAXY;148.5275911;48.43632859;25.81813;22.51831;20.83332;19.78042;19.26912;2821;2;48;0.5370854;5739;55976;261
GALAXY;147.4963277;54.0541557;21.15942;18.89552;17.60169;17.08837;16.74704;2243;4;197;0.2097814;769;54530;198
GALAXY;134.1487106;31.56686271;22.16146;22.99171;22.16154;20.77608;19.97378;3606;2;68;0.8185251;10666;58440;751
GALAXY;341.0514358;20.65576759;23.86698;21.60108;19.80958;18.84918;18.48682;8102;3;110;0.4963034;6120;56206;463
GALAXY;231.904289;32.36150133;18.12367;16.28018;15.41415;15.01561;14.70802;3927;4;29;0.07802096;1387;53118;80
STAR;354.4642304;33.79669008;25.145;20.85361;20.0186;19.64;19.73476;8157;2;87;-0.000271493;7138;56572;960
GALAXY;335.8660388;10.40620957;19.54333;17.46419;16.29144;15.81024;15.48799;7773;2;152;0.1326093;5052;55857;842
GALAXY;11.03576271;11.91987359;25.25697;24.19629;21.41078;20.15512;19.47859;7773;2;382;0.7813894;11042;58462;327
GALAXY;317.6047685;8.076983919;19.57571;17.5941;16.52634;16.04977;15.63783;7773;2;30;0.0942995;4079;55363;804
GALAXY;345.3090537;19.20902725;23.71107;22.39379;20.74644;19.66773;18.87466;8096;4;135;0.6291372;6128;56236;683
QSO;341.5029093;-0.308396891;25.00198;23.11789;22.43975;21.29501;21.33819;4192;3;232;1.830383;9218;57724;842
GALAXY;29.02685253;10.97058965;22.22021;21.05091;19.19382;18.53996;18.07271;7773;2;500;0.3557285;4656;55828;366
STAR;11.70155906;11.95248456;22.80719;22.08643;21.60446;21.5464;21.42094;7773;2;387;-7.93E-05;11042;58462;163
QSO;14.27879291;11.77552273;22.56665;21.55973;21.42649;21.27302;21.04043;7773;2;403;2.201496;5706;56165;790
GALAXY;136.935013;1.209019422;22.28132;22.17448;20.59644;19.79961;19.24616;6574;4;137;0.5170939;3819;55540;289
STAR;116.4999583;27.41656694;26.41319;22.15509;20.67092;19.7605;19.31909;2777;3;50;7.03E-05;4452;55536;327
GALAXY;342.9575058;23.64538213;22.19338;20.8887;19.10749;18.44308;18.10488;4880;4;102;0.3093552;6308;56215;669
GALAXY;170.1629741;5.57784538;22.454;21.94839;20.24227;19.11054;18.5738;2126;5;340;0.6020917;4769;55931;748
GALAXY;199.0765553;7.482948506;21.00248;19.42874;18.0421;17.50617;17.09847;3841;4;228;0.2147559;4840;55690;710
GALAXY;174.2762741;7.487240097;19.59602;17.63315;16.53565;16.08111;15.69071;3841;4;63;0.1329391;1619;53084;551
GALAXY;197.5947036;7.320577219;20.48247;18.55832;17.51839;17.08421;16.76022;3841;4;218;0.1233327;1795;54507;153
GALAXY;164.7469432;32.11696603;22.71783;22.1595;20.52743;19.65559;19.27222;4576;1;334;0.4879495;6442;56369;297
QSO;135.214699;46.13655477;21.67397;20.94035;20.71315;20.3842;19.87807;2825;5;201;2.386626;7516;56782;540
STAR;136.1221312;46.71246107;23.28498;21.05354;19.59221;18.60595;17.94323;2825;5;207;0.000142165;7516;56782;680
GALAXY;148.6703216;15.2903157;23.12724;22.43365;21.73447;21.15406;20.55229;5972;6;223;0.959106;9588;57782;604
GALAXY;154.8752425;16.21198518;23.24846;22.44502;20.8376;19.81536;19.27717;5972;6;263;0.5925828;5337;55987;343
STAR;160.7764511;23.0534298;20.43288;19.45664;19.07316;18.94541;18.95437;5137;4;314;-8.69E-05;3251;54882;279
GALAXY;137.0858853;1.314577329;22.35982;21.26509;19.42787;18.74381;18.30585;6574;4;138;0.3858348;3818;55532;904
GALAXY;340.0696624;-0.33628828;24.42985;18.11649;17.26259;17.71632;17.22848;4192;3;223;0.05680115;675;52590;313
GALAXY;333.3064195;-0.257726561;19.79645;18.17392;17.33331;16.88921;16.59179;4192;3;177;0.09072599;374;51791;230
GALAXY;237.3771394;29.57411598;23.78646;21.50192;19.63928;18.98367;18.56687;3927;4;65;0.3372244;4726;55712;818
GALAXY;235.1465621;30.86004437;20.899;18.91558;17.67874;17.17493;16.82735;3927;4;50;0.1751483;1389;53135;542
GALAXY;339.392479;20.31721849;22.6121;23.11847;22.56821;20.88755;19.98649;8102;3;99;0.8074447;7584;56957;503
STAR;158.8995337;21.9252219;25.4663;22.31317;20.80744;18.99136;17.89926;5137;2;301;-7.10E-05;2367;53763;51
GALAXY;152.006316;23.56406243;23.65132;22.16732;21.89089;21.39499;21.08428;5112;3;281;0.7953371;9620;57874;459
GALAXY;40.99360109;3.583987412;22.56986;23.45326;21.75059;20.68024;19.85547;7718;2;262;0.869821;8729;57399;486
STAR;42.56946992;33.44735175;19.38691;17.96079;17.32889;17.07317;16.95964;5934;4;162;-0.000160393;7254;56625;417
GALAXY;156.3650467;50.91106256;20.48994;18.49736;17.19362;16.71013;16.34034;2821;2;85;0.19285;6668;56605;26
GALAXY;117.3921413;28.36067648;23.41949;22.10062;20.83376;20.03002;19.4807;2777;3;58;0.3302669;4452;55536;103
GALAXY;15.86594041;30.49069566;23.37152;21.30158;19.90008;19.32057;19.011;8116;6;322;0.2346958;7721;57360;991
GALAXY;330.9386933;26.50090739;23.71871;22.42347;20.64191;19.79643;19.31801;8116;6;58;0.4700655;5959;56214;951
QSO;8.637128353;-1.127558287;24.58678;24.46593;22.82553;21.62336;22.53122;4263;1;173;1.396341;9404;58045;894
GALAXY;31.42925227;-1.168346635;22.97042;20.86156;19.52112;18.68268;18.18987;4263;1;325;0.5430654;4235;55451;412
QSO;156.9982921;57.70399925;25.13461;23.40632;22.7102;21.40669;19.82787;2987;5;55;1.163464;8189;57448;281
GALAXY;148.5589532;48.47919266;19.63125;17.98072;17.12994;16.73799;16.45069;2821;2;48;0.06958709;1005;52703;120
GALAXY;164.2795913;52.71720816;24.24;21.92323;20.11684;19.29541;18.89802;2821;2;120;0.4677621;6706;56385;689
GALAXY;169.6014939;53.38231446;20.16565;18.36946;17.48145;17.09859;16.80301;2821;2;142;0.1066301;1012;52649;143
GALAXY;171.7092841;59.34015916;22.08704;19.72497;18.19754;17.65555;17.29978;2243;4;292;0.3025913;7099;56666;522
